Country Name,1993,1994,1995,1996,1997,1998,1999,2000,2001,2002,2003,2004,2005,2006,2007,2008,2009,2010,2011,2012
World,65.8,66.0,66.2,66.4,66.6,66.8,67.0,67.2,67.4,67.6,67.8,68.1,68.3,68.6,68.9,69.1,69.4,69.6,..,..
Afghanistan,43.2,43.5,43.8,44.1,44.4,44.7,45.0,45.3,45.6,45.8,46.1,46.4,46.6,46.9,47.2,47.5,47.9,48.3,..,..
Albania,71.5,71.6,71.9,72.2,72.7,73.2,73.7,74.2,74.7,75.2,75.5,75.9,76.1,76.3,76.5,76.6,76.8,76.9,77.0,..
Algeria,68.0,68.2,68.5,68.7,69.0,69.3,69.7,70.0,70.4,70.7,71.1,71.4,71.6,71.9,72.2,72.4,72.6,72.9,73.1,..
American Samoa,..,..,..,..,..,..,..,..,..,..,..,..,..,..,..,..,..,..,..,..
Andorra,..,..,..,..,..,..,..,..,..,..,..,..,..,..,..,..,..,..,..,..
Angola,41.5,41.7,42.1,42.5,43.1,43.7,44.4,45.2,46.0,46.7,47.4,48.0,48.5,49.0,49.4,49.8,50.3,50.7,51.1,..
Antigua and Barbuda,..,..,..,..,74.7,..,..,..,..,75.3,..,..,..,..,..,..,..,..,..,..
Argentina,72.2,72.4,72.6,72.8,73.1,73.3,73.5,73.7,73.9,74.1,74.3,74.5,74.7,74.9,75.1,75.3,75.5,75.6,75.8,..
Armenia,68.0,68.3,68.6,69.0,69.5,70.0,70.5,71.0,71.5,71.9,72.3,72.6,72.9,73.1,73.3,73.5,73.6,73.8,73.9,..
Aruba,73.5,73.5,73.6,73.6,73.6,73.6,73.7,73.7,73.8,73.9,74.0,74.1,74.2,74.4,74.5,74.7,74.8,75.0,75.1,..
Australia,77.9,77.9,77.8,78.1,78.5,78.6,78.9,79.2,79.6,79.9,80.2,80.5,80.8,81.0,81.3,81.4,81.5,81.7,..,..
Austria,76.1,76.5,76.7,77.0,77.4,77.6,77.8,78.0,78.5,78.7,78.6,79.2,79.3,79.8,80.0,80.2,80.1,80.4,..,..
Azerbaijan,64.2,64.3,64.6,65.0,65.5,65.9,66.4,66.8,67.1,67.6,68.0,68.5,68.9,69.4,69.7,70.1,70.3,70.5,..,..
"Bahamas, The",69.6,69.8,70.1,70.3,70.7,71.0,71.3,71.6,72.0,72.3,72.7,73.2,73.6,74.0,74.4,74.7,75.0,75.2,75.5,..
Bahrain,72.9,73.0,73.1,73.3,73.4,73.5,73.7,73.8,73.9,74.0,74.2,74.3,74.4,74.5,74.6,74.8,74.9,75.0,75.2,..
Bangladesh,61.0,61.6,62.1,62.7,63.2,63.7,64.2,64.7,65.2,65.7,66.1,66.5,66.9,67.3,67.7,68.0,68.3,68.6,68.9,..
Barbados,74.8,74.9,75.0,75.0,75.1,75.2,75.3,75.4,75.5,75.6,75.7,75.8,75.9,76.0,76.1,76.3,76.4,76.6,76.7,..
Belarus,69.0,68.8,68.5,68.6,68.5,68.4,67.9,68.9,68.5,68.1,68.6,69.0,68.9,69.4,70.2,70.5,70.4,70.4,..,..
Belgium,76.3,76.6,76.7,76.9,77.2,77.9,78.1,78.2,78.5,78.6,78.7,78.9,79.3,79.8,79.5,79.5,79.7,79.9,..,..
Belize,72.9,73.0,73.1,73.2,73.3,73.4,73.4,73.5,73.6,73.8,74.0,74.3,74.5,74.8,75.1,75.4,75.6,75.8,..,..
Benin,50.1,50.5,50.9,51.3,51.7,52.0,52.3,52.6,52.8,53.1,53.3,53.5,53.8,54.1,54.4,54.8,55.2,55.6,56.0,..
Bermuda,..,..,..,..,..,..,..,77.9,..,..,..,..,78.6,78.7,78.9,79.0,79.1,79.3,..,..
Bhutan,55.0,55.8,56.7,57.6,58.6,59.5,60.5,61.4,62.2,63.0,63.7,64.3,64.9,65.3,65.8,66.2,66.5,66.9,67.3,..
Bolivia,60.3,60.7,61.1,61.5,61.9,62.2,62.6,63.0,63.3,63.7,64.0,64.4,64.7,65.0,65.3,65.7,66.0,66.3,66.6,..
Bosnia and Herzegovina,65.9,66.7,68.1,69.7,71.3,72.7,73.7,74.3,74.6,74.6,74.6,74.7,74.7,74.8,75.0,75.1,75.3,75.4,75.6,..
Botswana,62.0,60.7,59.2,57.5,55.7,53.8,52.2,50.8,49.8,49.3,49.3,49.7,50.4,51.3,52.1,52.7,53.0,53.1,53.0,..
Brazil,67.5,67.9,68.3,68.7,69.1,69.5,69.8,70.1,70.4,70.7,71.0,71.3,71.5,71.8,72.1,72.4,72.8,73.1,73.4,..
Brunei Darussalam,74.5,74.7,75.0,75.2,75.5,75.7,76.0,76.2,76.5,76.7,76.9,77.1,77.2,77.4,77.5,77.7,77.8,77.9,78.1,..
Bulgaria,71.3,71.2,71.1,70.9,70.4,71.1,71.4,71.7,71.8,71.9,72.1,72.6,72.6,72.6,72.7,73.0,73.4,73.5,..,..
Burkina Faso,48.7,48.8,49.0,49.2,49.4,49.6,49.9,50.2,50.6,51.0,51.4,51.9,52.4,53.0,53.5,54.0,54.5,54.9,55.4,..
Burundi,44.8,44.6,44.6,44.8,45.0,45.3,45.7,46.0,46.3,46.7,47.0,47.4,47.8,48.1,48.5,49.0,49.4,49.9,50.3,..
Cambodia,55.8,55.9,56.1,56.3,56.5,56.8,57.1,57.5,57.9,58.4,58.9,59.4,60.0,60.5,61.1,61.6,62.1,62.5,63.0,..
Cameroon,52.7,52.4,52.0,51.6,51.2,50.8,50.4,50.1,49.8,49.6,49.4,49.4,49.4,49.6,49.8,50.2,50.6,51.1,51.6,..
Canada,77.7,77.9,78.0,78.2,78.5,78.7,78.9,79.2,79.5,79.6,79.8,80.1,80.3,80.6,80.8,81.0,80.7,80.8,..,..
Cape Verde,66.4,66.8,67.2,67.6,68.0,68.5,69.0,69.4,70.0,70.5,71.1,71.6,72.1,72.6,73.0,73.3,73.6,73.8,73.9,..
Cayman Islands,..,..,..,..,..,..,..,..,..,..,..,..,..,..,..,..,..,..,..,..
Central African Republic,47.4,46.7,46.1,45.5,44.9,44.4,44.0,43.7,43.5,43.5,43.7,43.9,44.3,44.9,45.5,46.2,46.9,47.6,48.3,..
Chad,50.3,50.1,49.8,49.6,49.3,49.0,48.7,48.5,48.3,48.1,48.0,48.0,48.1,48.2,48.4,48.6,48.9,49.2,49.5,..
Channel Islands,76.1,76.2,76.4,76.6,76.8,77.0,77.3,77.5,77.8,78.1,78.3,78.6,78.8,79.1,79.3,79.5,79.7,79.8,80.0,..
Chile,74.5,74.8,75.0,75.3,75.7,76.0,76.4,76.8,77.2,77.6,77.9,78.1,78.3,78.4,78.5,78.6,78.8,78.9,79.0,..
China,70.1,70.2,70.4,70.6,70.8,70.9,71.1,71.2,71.4,71.6,71.8,72.0,72.2,72.4,72.6,72.8,73.1,73.3,..,..
Colombia,68.9,69.1,69.4,69.8,70.1,70.4,70.7,71.0,71.3,71.5,71.8,72.0,72.3,72.5,72.8,73.0,73.2,73.4,73.6,..
Comoros,56.3,56.5,56.7,56.9,57.2,57.4,57.6,57.9,58.1,58.3,58.5,58.7,59.0,59.2,59.5,59.9,60.2,60.6,..,..
"Congo, Dem. Rep.",46.5,46.2,45.9,45.6,45.4,45.4,45.4,45.7,45.9,46.3,46.5,46.8,47.0,47.2,47.3,47.6,47.8,48.1,48.4,..
"Congo, Rep.",55.2,54.9,54.6,54.4,54.3,54.2,54.1,54.1,54.2,54.3,54.5,54.8,55.1,55.4,55.8,56.2,56.6,57.0,57.4,..
Costa Rica,76.4,76.6,76.8,77.0,77.2,77.4,77.6,77.8,78.0,78.1,78.3,78.4,78.6,78.7,78.8,78.9,79.1,79.2,79.3,..
Cote d'Ivoire,51.7,51.4,51.1,50.7,50.5,50.3,50.2,50.2,50.3,50.4,50.7,51.1,51.6,52.1,52.7,53.4,54.1,54.7,55.4,..
Croatia,71.5,71.8,72.1,72.4,72.5,72.3,72.6,72.8,74.5,74.7,74.6,75.5,75.2,75.8,75.7,75.9,76.2,76.5,..,..
Cuba,74.8,75.0,75.2,75.5,75.7,75.9,76.2,76.4,76.6,76.8,77.1,77.4,77.7,78.0,78.3,78.5,78.8,79.0,79.1,..
Curacao,..,..,..,..,..,..,..,..,..,..,..,..,..,..,..,..,..,..,..,..
Cyprus,77.0,77.1,77.3,77.4,77.5,77.7,77.8,78.0,78.1,78.2,78.3,78.5,78.6,78.7,78.9,79.0,79.2,79.4,79.6,..
Czech Republic,72.8,73.0,73.1,73.7,73.8,74.5,74.7,75.0,75.2,75.2,75.2,75.7,75.9,76.5,76.7,77.0,77.1,77.4,..,..
Denmark,75.1,75.4,75.2,75.6,75.9,76.1,76.3,76.6,76.8,76.9,77.1,77.5,77.8,78.1,78.2,78.4,78.6,79.1,..,..
Djibouti,52.1,52.4,52.6,52.9,53.1,53.3,53.6,53.9,54.1,54.4,54.8,55.2,55.6,56.0,56.4,56.8,57.1,57.5,57.9,..
Dominica,..,..,..,..,76.0,..,..,..,..,76.6,..,..,..,..,..,..,..,..,..,..
Dominican Republic,69.0,69.3,69.6,69.9,70.1,70.4,70.6,70.9,71.2,71.4,71.6,71.9,72.1,72.3,72.5,72.7,73.0,73.2,73.4,..
Ecuador,70.3,70.8,71.3,71.7,72.2,72.6,73.0,73.4,73.7,74.0,74.3,74.5,74.7,74.9,75.0,75.2,75.3,75.5,75.6,..
"Egypt, Arab Rep.",64.1,64.8,65.6,66.3,67.1,67.8,68.4,69.1,69.7,70.2,70.7,71.1,71.5,71.9,72.2,72.5,72.7,73.0,73.2,..
El Salvador,68.2,68.6,68.9,69.1,69.3,69.4,69.5,69.7,69.9,70.1,70.3,70.5,70.7,70.9,71.1,71.3,71.5,71.7,71.9,..
Equatorial Guinea,47.8,48.0,48.2,48.4,48.5,48.6,48.6,48.7,48.8,48.9,49.0,49.2,49.4,49.7,50.0,50.2,50.5,50.8,51.1,..
Eritrea,50.7,51.6,52.4,53.2,54.0,54.7,55.4,56.0,56.6,57.1,57.7,58.2,58.7,59.2,59.6,60.1,60.6,61.0,61.4,..
Estonia,67.9,66.5,67.5,69.6,69.8,69.4,70.1,70.4,70.3,70.9,71.3,71.9,72.6,72.7,72.8,73.8,74.8,75.4,..,..
Ethiopia,48.4,48.9,49.3,49.8,50.2,50.7,51.2,51.7,52.3,52.9,53.6,54.4,55.2,56.0,56.7,57.5,58.1,58.7,59.2,..
Faeroe Islands,76.9,77.1,77.5,77.8,77.8,78.2,78.6,78.6,78.7,79.1,79.1,78.8,79.2,79.5,79.6,80.0,..,..,..,..
Fiji,66.2,66.4,66.6,66.8,67.0,67.2,67.4,67.6,67.8,68.0,68.2,68.3,68.5,68.7,68.8,69.0,69.1,69.2,69.3,..
Finland,75.7,76.4,76.4,76.7,76.9,77.1,77.3,77.5,78.0,78.1,78.4,78.7,78.8,79.2,79.3,79.6,79.7,79.9,..,..
France,77.3,77.6,77.8,78.0,78.3,78.5,78.6,79.0,79.1,79.3,79.3,80.2,80.1,80.5,80.8,80.9,81.1,81.4,..,..
French Polynesia,70.3,70.6,70.9,71.2,71.4,71.8,72.1,72.4,72.8,73.1,73.4,73.7,74.0,74.2,74.5,74.7,74.9,75.1,75.3,..
Gabon,61.4,61.3,61.1,60.9,60.6,60.3,60.0,59.7,59.5,59.4,59.5,59.7,60.0,60.4,60.9,61.4,61.8,62.3,62.7,..
"Gambia, The",53.4,53.5,53.7,54.0,54.2,54.5,54.8,55.2,55.5,55.8,56.1,56.4,56.6,56.9,57.2,57.5,57.8,58.2,58.5,..
Georgia,70.3,70.4,70.5,70.6,70.8,71.0,71.3,71.6,71.8,72.1,72.3,72.4,72.6,72.7,72.8,73.0,73.1,73.3,..,..
Germany,75.9,76.3,76.4,76.7,77.1,77.5,77.7,77.9,78.3,78.2,78.4,78.7,78.9,79.1,79.5,79.7,79.8,80.0,..,..
Ghana,57.9,58.0,58.0,58.0,58.0,58.0,58.1,58.4,58.8,59.2,59.8,60.4,61.0,61.7,62.3,62.9,63.4,63.8,64.2,..
Greece,77.4,77.6,77.6,77.7,78.1,77.8,78.0,77.9,78.4,78.6,78.8,79.0,79.2,79.4,79.4,79.9,80.2,80.4,..,..
Greenland,..,..,..,..,65.3,65.3,65.4,65.9,66.9,68.9,..,..,..,..,68.4,68.4,..,..,..,..
Grenada,70.8,71.3,71.7,72.1,72.4,72.7,73.1,73.4,73.7,74.0,74.3,74.5,74.8,75.0,75.1,75.3,75.5,75.7,75.8,..
Guam,72.8,73.0,73.2,73.4,73.6,73.8,74.0,74.2,74.4,74.6,74.7,74.9,75.1,75.3,75.5,75.6,75.8,76.0,76.2,..
Guatemala,63.9,64.4,65.0,65.5,66.1,66.7,67.2,67.7,68.2,68.7,69.0,69.4,69.6,69.9,70.1,70.4,70.6,70.8,71.1,..
Guinea,44.9,45.3,45.7,46.0,46.5,47.0,47.5,48.1,48.7,49.4,50.0,50.6,51.1,51.7,52.2,52.7,53.2,53.6,54.1,..
Guinea-Bissau,43.3,43.5,43.7,43.9,44.1,44.4,44.6,44.9,45.1,45.4,45.6,45.9,46.1,46.4,46.6,47.0,47.3,47.7,48.1,..
Guyana,61.7,62.0,62.3,62.6,63.0,63.5,63.9,64.4,65.0,65.6,66.1,66.7,67.3,67.8,68.3,68.8,69.2,69.5,69.9,..
Haiti,56.4,56.8,57.1,57.5,57.7,58.0,58.2,58.4,58.6,58.8,59.1,59.5,59.9,60.3,60.7,61.1,61.4,61.8,62.1,..
Honduras,67.7,68.1,68.6,69.1,69.5,69.8,70.1,70.4,70.6,70.8,71.0,71.2,71.4,71.7,72.0,72.2,72.5,72.8,73.1,..
"Hong Kong SAR, China",78.0,78.5,78.7,79.6,80.1,80.1,80.4,80.9,81.4,81.5,81.3,81.8,81.6,82.4,82.4,82.3,82.7,82.9,..,..
Hungary,69.1,69.5,69.8,70.3,70.7,70.6,70.7,71.2,72.2,72.3,72.3,72.6,72.6,73.1,73.2,73.7,73.9,74.2,..,..
Iceland,78.4,78.5,78.6,78.8,78.9,79.1,79.4,79.7,80.1,80.4,80.7,80.9,81.1,81.2,81.1,81.3,81.5,81.5,..,..
India,59.2,59.5,59.8,60.2,60.5,60.9,61.3,61.6,62.0,62.3,62.7,63.0,63.4,63.7,64.1,64.4,64.8,65.1,65.5,..
Indonesia,63.3,63.6,64.0,64.3,64.7,65.0,65.3,65.6,65.9,66.2,66.5,66.8,67.1,67.4,67.7,68.1,68.5,68.9,69.3,..
"Iran, Islamic Rep.",66.5,67.5,68.2,68.6,68.9,69.2,69.5,69.7,70.1,70.4,70.7,71.0,71.3,71.6,71.9,72.2,72.5,72.8,..,..
Iraq,70.5,71.0,71.2,71.3,71.3,71.1,71.0,70.7,70.4,70.0,69.5,69.0,68.5,68.1,67.9,67.9,68.1,68.5,..,..
Ireland,75.3,75.4,75.6,75.8,76.0,76.2,76.1,76.5,77.1,77.6,77.9,78.2,78.5,78.8,79.0,79.1,80.0,80.3,..,..
Isle of Man,..,76.5,..,..,..,..,..,..,..,78.0,..,..,..,..,..,..,..,..,..,..
Israel,77.2,77.4,77.5,78.1,78.0,78.1,78.7,79.0,79.4,79.5,79.6,80.1,80.2,80.3,80.6,81.0,81.6,81.5,..,..
Italy,77.5,77.7,78.0,78.3,78.6,78.4,78.8,79.4,79.8,80.0,79.9,80.7,80.6,81.1,81.3,81.4,81.4,81.7,..,..
Jamaica,70.4,70.3,70.3,70.3,70.3,70.3,70.4,70.5,70.6,70.8,71.0,71.2,71.5,71.8,72.0,72.3,72.6,72.8,..,..
Japan,79.3,79.7,79.5,80.2,80.4,80.5,80.6,81.1,81.4,81.6,81.8,82.0,81.9,82.3,82.5,82.6,82.9,82.9,..,..
Jordan,71.1,71.3,71.4,71.6,71.7,71.8,72.0,72.1,72.2,72.3,72.4,72.5,72.6,72.8,72.9,73.0,73.2,73.3,..,..
Kazakhstan,66.7,65.7,64.9,64.1,64.5,64.6,65.5,65.5,65.8,66.0,65.9,65.9,65.9,66.2,66.5,67.0,68.4,68.3,..,..
Kenya,57.8,57.0,56.1,55.2,54.3,53.5,52.8,52.3,52.0,52.0,52.1,52.5,53.0,53.7,54.4,55.1,55.8,56.5,57.1,..
Kiribati,..,..,59.4,..,60.4,..,..,59.5,..,62.8,..,..,60.9,..,..,..,..,..,..,..
"Korea, Dem. Rep.",68.6,67.4,66.3,65.3,64.6,64.4,64.5,65.1,65.9,66.7,67.4,67.9,68.2,68.3,68.3,68.4,68.4,68.5,68.7,..
"Korea, Rep.",72.7,73.0,73.4,73.8,74.2,74.8,75.4,75.9,76.3,76.8,77.3,77.8,78.4,79.0,79.3,79.8,80.3,80.8,..,..
Kosovo,68.2,68.4,68.5,68.7,68.8,69.0,67.0,68.0,67.9,67.9,68.2,68.4,68.7,68.9,69.2,69.4,69.6,69.9,..,..
Kuwait,73.1,73.2,73.3,73.4,73.5,73.6,73.7,73.8,73.8,73.9,74.0,74.0,74.1,74.2,74.3,74.4,74.5,74.6,..,..
Kyrgyz Republic,67.2,66.0,65.8,66.5,66.9,67.1,67.0,68.6,68.7,68.1,68.3,68.2,68.0,67.7,67.9,68.5,69.1,69.4,..,..
Lao PDR,56.7,57.4,58.2,58.9,59.6,60.2,60.8,61.4,62.0,62.6,63.2,63.8,64.5,65.1,65.7,66.2,66.7,67.1,67.4,..
Latvia,66.7,65.7,66.4,68.8,69.3,69.0,69.7,70.3,70.8,71.0,71.3,72.0,71.4,70.9,71.0,72.4,73.1,73.5,..,..
Lebanon,69.4,69.6,69.8,70.0,70.2,70.3,70.5,70.6,70.8,71.0,71.1,71.3,71.5,71.7,71.9,72.0,72.2,72.4,72.6,..
Lesotho,59.1,58.2,56.9,55.3,53.3,51.3,49.4,47.6,46.1,45.1,44.4,44.1,44.2,44.6,45.2,45.9,46.7,47.4,48.0,..
Liberia,42.0,42.0,42.2,42.6,43.2,44.0,44.9,46.0,47.1,48.4,49.6,50.8,51.9,53.0,53.9,54.7,55.5,56.1,56.7,..
Libya,69.6,70.1,70.7,71.1,71.6,71.9,72.3,72.5,72.8,73.0,73.2,73.4,73.6,73.9,74.1,74.3,74.5,74.8,75.0,..
Liechtenstein,..,..,..,..,..,..,..,..,..,..,..,..,..,..,..,..,..,..,..,..
Lithuania,68.9,68.5,69.0,70.1,70.9,71.2,71.6,72.0,71.7,71.8,72.1,72.0,71.3,71.1,70.9,71.8,72.9,73.3,..,..
Luxembourg,75.7,76.4,76.5,76.5,76.9,77.0,77.8,77.9,77.8,78.2,78.6,79.0,79.3,79.7,80.1,80.1,80.1,80.1,..,..
"Macao SAR, China",76.9,77.2,77.4,77.6,77.9,78.1,78.3,78.5,78.8,79.0,79.2,79.4,79.6,79.8,80.0,80.3,80.5,80.8,81.0,..
"Macedonia, FYR",71.8,71.9,72.1,72.3,72.4,72.6,72.7,72.9,73.1,73.2,73.4,73.6,73.7,73.9,74.1,74.3,74.4,74.6,74.8,..
Madagascar,53.0,53.9,54.9,55.8,56.8,57.7,58.7,59.7,60.6,61.6,62.5,63.3,64.1,64.8,65.4,65.8,66.2,66.5,66.7,..
Malawi,47.0,46.9,46.6,46.4,46.2,46.0,46.0,46.0,46.3,46.7,47.3,48.1,48.9,49.9,50.9,51.8,52.7,53.5,54.1,..
Malaysia,70.7,71.0,71.2,71.4,71.6,71.8,72.0,72.1,72.3,72.5,72.7,72.8,73.0,73.2,73.4,73.6,73.8,74.0,74.3,..
Maldives,63.4,64.3,65.3,66.3,67.3,68.3,69.4,70.4,71.3,72.2,73.0,73.7,74.4,74.9,75.4,75.8,76.2,76.6,76.9,..
Mali,45.1,45.4,45.7,46.0,46.3,46.6,46.9,47.2,47.6,47.9,48.2,48.6,48.9,49.3,49.7,50.1,50.5,51.0,51.4,..
Malta,76.6,76.9,77.1,77.3,77.4,77.2,77.1,78.2,78.4,78.1,78.4,78.6,79.5,78.5,79.4,79.4,79.9,80.9,..,..
Marshall Islands,..,..,..,..,..,..,67.5,65.2,..,..,..,..,..,..,..,..,..,..,..,..
Mauritania,56.4,56.6,56.7,56.7,56.8,56.9,56.9,57.0,57.1,57.1,57.1,57.2,57.2,57.3,57.5,57.7,57.9,58.2,58.5,..
Mauritius,70.1,70.2,70.3,70.3,70.4,70.6,71.0,71.7,71.8,72.0,72.1,72.3,72.4,72.4,72.6,72.6,72.9,73.0,..,..
Mexico,72.0,72.4,72.7,73.1,73.4,73.7,74.0,74.3,74.5,74.8,75.0,75.3,75.5,75.7,76.0,76.2,76.5,76.7,..,..
"Micronesia, Fed. Sts.",66.5,66.6,66.8,66.9,67.0,67.1,67.2,67.3,67.4,67.5,67.6,67.8,67.9,68.1,68.2,68.4,68.6,68.8,68.9,..
Moldova,67.1,66.9,66.7,66.6,66.6,66.6,66.7,66.9,67.1,67.3,67.5,67.6,67.8,67.9,68.1,68.3,68.6,68.9,69.2,..
Monaco,..,..,..,..,..,..,..,..,..,..,..,..,..,..,..,..,..,..,..,..
Mongolia,60.9,61.1,61.3,61.5,61.8,62.2,62.6,63.1,63.7,64.3,64.9,65.5,66.1,66.6,67.1,67.5,67.9,68.2,68.5,..
Montenegro,75.8,75.9,75.8,75.7,75.5,75.3,75.1,74.9,74.7,74.5,74.3,74.1,74.0,74.0,74.0,74.0,74.2,74.3,74.5,..
Morocco,65.7,66.2,66.6,67.0,67.5,67.9,68.3,68.7,69.1,69.4,69.8,70.1,70.4,70.7,71.0,71.3,71.6,71.9,72.1,..
Mozambique,44.4,44.9,45.4,45.9,46.4,46.7,47.0,47.2,47.4,47.5,47.7,47.8,48.0,48.3,48.6,48.9,49.3,49.7,50.2,..
Myanmar,59.0,59.6,60.1,60.5,60.9,61.3,61.6,61.9,62.1,62.3,62.5,62.7,62.9,63.1,63.4,63.8,64.2,64.7,65.2,..
Namibia,60.8,60.6,60.4,60.0,59.4,58.8,58.2,57.7,57.3,57.2,57.4,57.9,58.5,59.4,60.2,61.0,61.6,62.1,62.3,..
Nepal,55.9,56.7,57.5,58.3,59.1,59.9,60.7,61.5,62.3,63.2,64.0,64.8,65.6,66.3,67.0,67.5,68.0,68.4,68.7,..
Netherlands,76.9,77.4,77.4,77.4,77.8,77.9,77.8,78.0,78.2,78.3,78.5,79.1,79.3,79.7,80.1,80.3,80.5,80.7,..,..
New Caledonia,71.7,70.7,72.0,72.0,71.7,74.4,73.9,74.9,74.8,75.1,75.3,75.5,75.2,76.5,75.9,76.1,76.3,76.3,..,..
New Zealand,76.4,76.9,76.7,76.8,77.3,78.1,77.9,78.6,78.7,78.8,79.1,79.5,79.9,80.0,80.2,80.4,80.7,80.7,..,..
Nicaragua,66.2,66.8,67.3,67.8,68.2,68.7,69.2,69.6,70.1,70.6,71.1,71.5,72.0,72.4,72.8,73.1,73.4,73.7,74.0,..
Niger,43.1,43.8,44.5,45.2,46.0,46.8,47.5,48.3,49.0,49.7,50.4,51.0,51.7,52.3,52.8,53.3,53.8,54.3,54.7,..
Nigeria,45.3,45.2,45.1,45.1,45.3,45.5,45.8,46.3,46.8,47.4,47.9,48.5,49.0,49.5,50.0,50.5,50.9,51.4,51.9,..
Northern Mariana Islands,..,..,..,..,..,..,..,..,..,..,..,..,..,..,..,..,..,..,..,..
Norway,77.2,77.7,77.7,78.2,78.1,78.3,78.3,78.6,78.8,79.0,79.4,79.8,80.0,80.3,80.4,80.6,80.8,81.0,..,..
Oman,72.4,72.7,73.0,73.3,73.5,73.7,73.9,74.1,74.2,74.2,74.1,73.9,73.6,73.3,73.1,73.0,73.0,73.1,73.3,..
Pakistan,61.6,61.8,62.0,62.3,62.5,62.7,63.0,63.2,63.4,63.6,63.7,63.9,64.1,64.3,64.5,64.7,65.0,65.2,..,..
Palau,..,..,71.8,..,..,..,..,70.5,..,..,..,..,69.1,..,..,..,..,..,..,..
Panama,72.9,73.1,73.3,73.5,73.7,73.8,74.0,74.2,74.4,74.6,74.8,75.0,75.1,75.3,75.5,75.6,75.8,76.0,76.1,..
Papua New Guinea,56.7,57.1,57.4,57.6,57.9,58.2,58.5,58.8,59.1,59.5,59.8,60.2,60.6,60.9,61.3,61.7,62.1,62.4,62.8,..
Paraguay,68.5,68.7,68.9,69.1,69.3,69.5,69.8,70.0,70.3,70.6,70.8,71.0,71.3,71.5,71.7,71.9,72.1,72.3,72.5,..
Peru,67.0,67.5,68.0,68.5,69.0,69.5,70.0,70.5,70.9,71.4,71.8,72.1,72.5,72.8,73.1,73.3,73.5,73.8,74.0,..
Philippines,65.7,65.9,66.0,66.2,66.3,66.5,66.6,66.8,66.9,67.1,67.2,67.3,67.4,67.6,67.8,68.0,68.2,68.5,68.8,..
Poland,71.6,71.7,71.9,72.2,72.6,73.0,73.0,73.7,74.2,74.5,74.6,74.8,75.0,75.1,75.2,75.5,75.7,76.2,..,..
Portugal,74.5,74.9,75.3,75.3,75.4,75.7,76.0,76.3,76.8,77.1,77.2,77.7,78.1,78.4,78.3,78.5,78.7,79.0,..,..
Puerto Rico,74.2,74.2,74.3,74.5,74.8,75.2,75.7,76.7,77.1,77.8,78.1,78.2,78.3,78.4,78.4,78.6,78.8,78.9,..,..
Qatar,74.8,75.1,75.3,75.5,75.7,75.9,76.1,76.3,76.5,76.7,76.9,77.1,77.2,77.4,77.6,77.8,77.9,78.1,78.2,..
Romania,69.6,69.5,69.5,69.1,69.0,69.8,70.5,71.2,71.2,71.0,71.3,71.6,71.9,72.2,72.6,72.6,73.3,73.5,..,..
Russian Federation,64.9,64.5,65.2,66.2,67.0,66.8,66.0,65.3,65.5,65.1,65.0,65.4,65.5,66.6,67.5,67.8,68.6,68.8,..,..
Rwanda,26.8,27.9,30.5,34.0,37.8,41.3,44.2,46.5,48.1,49.4,50.4,51.4,52.2,53.0,53.7,54.2,54.7,55.1,55.4,..
Samoa,66.6,67.1,67.5,68.0,68.4,68.8,69.1,69.5,69.8,70.1,70.4,70.7,71.0,71.3,71.6,71.8,72.1,72.3,72.5,..
San Marino,..,..,..,79.1,79.5,80.2,80.5,80.6,81.0,81.1,81.2,81.7,82.0,82.2,82.5,82.8,83.0,83.2,..,..
Sao Tome and Principe,61.4,61.5,61.7,61.8,61.9,62.1,62.2,62.4,62.5,62.7,62.8,63.0,63.2,63.4,63.6,63.9,64.1,64.3,64.6,..
Saudi Arabia,69.9,70.2,70.5,70.7,70.9,71.1,71.3,71.5,71.7,71.9,72.2,72.4,72.7,72.9,73.2,73.4,73.6,73.9,..,..
Senegal,53.9,54.1,54.4,54.6,54.9,55.1,55.4,55.7,56.1,56.4,56.7,57.0,57.3,57.7,58.0,58.3,58.6,59.0,59.3,..
Serbia,..,..,..,..,72.0,..,..,72.1,72.2,72.3,72.4,72.6,72.6,73.2,73.4,73.6,73.7,73.9,..,..
Seychelles,..,..,..,..,71.4,..,..,..,..,73.0,71.0,72.6,72.1,72.2,73.2,73.2,73.0,73.0,..,..
Sierra Leone,37.3,37.2,37.2,37.4,37.8,38.3,39.0,39.7,40.6,41.5,42.4,43.4,44.3,45.1,45.8,46.4,47.0,47.4,47.8,..
Singapore,76.9,76.3,76.4,76.7,77.0,77.4,77.6,78.1,78.4,78.7,79.0,79.5,80.0,80.1,80.4,80.8,81.2,81.6,..,..
Sint Maarten (Dutch part),..,..,..,..,..,..,..,..,..,..,..,..,..,..,..,..,..,..,..,..
Slovak Republic,72.4,72.3,72.3,72.7,72.7,72.6,72.9,73.1,73.4,73.6,73.6,74.0,73.9,74.2,74.2,74.7,74.9,75.1,..,..
Slovenia,73.3,73.4,74.0,74.5,74.7,74.8,75.0,75.4,75.8,76.0,76.9,77.2,77.6,78.1,78.6,78.8,79.0,79.4,..,..
Solomon Islands,58.5,59.1,59.7,60.3,60.9,61.5,62.2,62.8,63.5,64.0,64.6,65.0,65.5,65.9,66.3,66.7,67.1,67.5,67.9,..
Somalia,43.9,44.2,44.7,45.4,46.2,47.0,47.7,48.3,48.8,49.1,49.4,49.7,49.9,50.0,50.2,50.4,50.6,50.9,51.2,..
South Africa,61.0,60.5,59.9,59.1,58.1,57.0,55.9,54.8,53.7,52.8,52.0,51.4,51.1,50.9,51.0,51.2,51.6,52.1,..,..
South Sudan,..,..,..,..,..,..,..,..,..,..,..,..,..,..,..,61.5,..,..,..,..
Spain,77.5,77.9,78.0,78.1,78.6,78.7,78.7,79.0,79.4,79.6,79.6,79.9,80.2,80.8,80.9,81.2,81.5,81.6,..,..
Sri Lanka,69.6,69.4,69.2,69.2,69.3,69.7,70.3,71.0,71.8,72.5,73.2,73.7,74.0,74.2,74.3,74.4,74.6,74.7,..,..
St. Kitts and Nevis,..,..,..,..,70.0,..,..,..,..,71.3,..,..,..,..,..,..,..,..,..,..
St. Lucia,71.6,72.2,71.4,71.5,71.8,71.5,71.3,71.1,74.0,73.7,73.7,73.2,72.7,73.4,73.7,74.0,74.2,74.4,..,..
St. Martin (French part),..,..,..,..,..,..,..,..,..,..,..,..,..,..,..,..,..,..,..,..
St. Vincent and the Grenadines,69.8,69.9,70.0,70.1,70.2,70.2,70.3,70.4,70.5,70.6,70.7,70.9,71.1,71.3,71.5,71.7,71.9,72.1,72.3,..
Sudan,53.6,53.9,54.3,54.7,55.2,55.7,56.3,57.0,57.6,58.2,58.7,59.2,59.5,59.9,60.2,60.5,60.8,61.1,61.4,..
Suriname,67.7,67.8,67.8,67.8,67.9,67.9,67.9,67.9,68.0,68.1,68.3,68.6,68.8,69.2,69.5,69.8,70.1,70.3,70.6,..
Swaziland,58.4,57.5,56.4,55.0,53.4,51.8,50.2,48.7,47.4,46.5,46.0,45.7,45.9,46.2,46.8,47.3,47.9,48.3,48.7,..
Sweden,78.1,78.7,78.7,79.0,79.2,79.3,79.4,79.6,79.8,79.8,80.1,80.5,80.5,80.7,80.9,81.1,81.4,81.5,..,..
Switzerland,78.1,78.4,78.4,78.9,79.1,79.3,79.6,79.7,80.2,80.4,80.5,81.1,81.2,81.5,81.7,82.0,82.0,82.2,..,..
Syrian Arab Republic,72.2,72.5,72.8,73.1,73.4,73.6,73.8,74.0,74.2,74.4,74.6,74.8,74.9,75.1,75.3,75.4,75.6,75.7,..,..
Tajikistan,62.3,62.3,62.4,62.6,62.8,63.1,63.4,63.8,64.1,64.5,64.8,65.2,65.6,66.0,66.3,66.7,67.0,67.3,67.5,..
Tanzania,49.8,49.7,49.6,49.6,49.6,49.8,50.0,50.4,50.8,51.3,51.9,52.6,53.3,54.1,54.9,55.8,56.6,57.4,58.2,..
Thailand,72.4,72.3,72.3,72.3,72.3,72.3,72.4,72.5,72.6,72.8,72.9,73.1,73.2,73.3,73.5,73.6,73.8,73.9,74.1,..
Timor-Leste,49.1,50.2,51.3,52.3,53.3,54.3,55.3,56.2,57.0,57.8,58.5,59.1,59.6,60.1,60.6,61.1,61.5,62.0,62.5,..
Togo,53.7,53.9,54.1,54.2,54.4,54.5,54.7,54.8,54.9,55.0,55.1,55.2,55.3,55.4,55.6,55.9,56.2,56.6,57.0,..
Tonga,69.9,70.0,70.1,70.2,70.4,70.5,70.6,70.8,70.9,71.0,71.2,71.3,71.5,71.6,71.7,71.9,72.0,72.2,72.3,..
Trinidad and Tobago,69.1,69.0,69.0,68.9,68.8,68.7,68.5,68.4,68.3,68.3,68.3,68.4,68.6,68.8,69.1,69.3,69.5,69.8,70.0,..
Tunisia,70.8,71.0,71.4,71.6,71.9,72.1,72.5,72.6,72.8,73.0,73.1,73.3,73.5,73.9,74.2,74.3,74.5,74.6,..,..
Turkey,64.8,65.4,66.1,66.7,67.4,68.1,68.8,69.4,70.1,70.6,71.2,71.6,72.1,72.5,72.8,73.1,73.4,73.7,73.9,..
Turkmenistan,62.8,62.9,63.0,63.2,63.4,63.6,63.7,63.9,64.0,64.1,64.2,64.3,64.4,64.5,64.6,64.7,64.8,64.9,65.0,..
Turks and Caicos Islands,..,..,..,..,..,..,..,..,..,..,..,..,..,..,..,..,..,..,..,..
Tuvalu,..,..,..,..,..,..,..,..,..,..,..,..,..,..,..,..,..,..,..,..
Uganda,45.5,45.1,44.9,44.8,44.9,45.1,45.5,46.1,46.8,47.5,48.4,49.3,50.1,51.0,51.7,52.4,53.1,53.6,54.1,..
Ukraine,67.9,67.9,67.1,67.3,67.3,68.0,68.2,67.9,68.3,68.3,68.2,68.2,68.0,68.1,68.2,68.3,69.2,70.3,..,..
United Arab Emirates,72.9,73.2,73.4,73.7,73.9,74.2,74.4,74.6,74.8,75.1,75.3,75.5,75.7,75.9,76.0,76.2,76.4,76.6,76.7,..
United Kingdom,76.4,76.9,76.8,77.1,77.2,77.2,77.4,77.7,78.0,78.1,78.4,78.7,79.0,79.2,79.4,79.6,80.1,80.4,..,..
United States,75.4,75.6,75.6,76.0,76.4,76.6,76.6,76.6,76.7,76.8,77.0,77.3,77.3,77.6,77.8,77.9,78.1,78.2,..,..
Uruguay,73.0,73.3,73.5,73.5,73.7,74.0,74.2,74.9,74.9,74.8,74.9,75.2,75.6,75.7,75.9,76.0,76.1,76.2,..,..
Uzbekistan,66.3,66.3,66.3,66.4,66.6,66.7,66.8,67.0,67.0,67.1,67.1,67.2,67.2,67.3,67.4,67.6,67.8,68.0,..,..
Vanuatu,64.6,65.0,65.5,65.9,66.3,66.8,67.2,67.6,67.9,68.3,68.7,69.0,69.3,69.6,69.9,70.2,70.5,70.8,71.1,..
"Venezuela, RB",71.8,72.1,72.2,72.4,72.6,72.7,72.9,73.3,73.4,73.6,72.8,73.0,73.2,73.4,73.6,73.8,73.9,74.1,..,..
Vietnam,68.1,68.8,69.4,70.0,70.5,71.0,71.5,71.9,72.4,72.8,73.1,73.4,73.7,73.9,74.2,74.4,74.6,74.8,..,..
Virgin Islands (U.S.),75.7,76.0,76.3,76.5,76.8,77.1,77.3,77.6,77.8,78.1,78.3,78.4,78.5,78.7,78.8,78.9,79.1,79.2,..,..
West Bank and Gaza,69.0,69.4,69.7,70.0,70.2,70.5,70.7,70.9,71.1,71.3,71.4,71.6,71.7,71.9,72.1,72.3,72.5,72.6,..,..
"Yemen, Rep.",56.8,57.1,57.4,57.7,58.1,58.6,59.1,59.7,60.3,60.9,61.5,62.1,62.6,63.2,63.7,64.1,64.6,65.0,65.5,..
Zambia,44.8,44.1,43.5,43.0,42.6,42.3,42.0,41.9,42.0,42.3,42.9,43.6,44.4,45.3,46.2,47.1,47.8,48.5,49.0,..
Zimbabwe,56.8,55.0,53.1,51.1,49.2,47.4,45.8,44.6,43.8,43.3,43.1,43.3,43.9,44.7,45.8,47.1,48.5,49.9,51.2,..
